{"cameraMode":{"drawMode":0,"name":"Shaded","section":"Shading Mode"},"sceneLighting":true,"audioPlay":false,"sceneViewState":{"showFog":true,"showMaterialUpdate":true,"showSkybox":true,"showFlares":true,"showImageEffects":true,"showParticleSystems":true},"in2DMode":false,"pivot":{"x":416.9359436035156,"y":64.46880340576172,"z":252.39796447753907},"rotation":{"x":-0.015509180724620819,"y":0.9506958723068237,"z":-0.3060019016265869,"w":-0.04824993386864662},"size":8.296256065368653,"orthographic":false}